PC1,PC2,target_name
-2.7398971022682828,0.19942944156685716,setosa
-2.7881465217915617,-0.19308542936818363,setosa
-2.947467039639222,-0.20590833424096022,setosa
-2.807154169487236,-0.4008502356737935,setosa
-2.811334498960957,0.2928726324127249,setosa
-2.3002109813474534,0.6514215673063415,setosa
-2.8424759944205933,-0.17291189478797087,setosa
-2.6621159472477935,0.09948348322075162,setosa
-2.9331081726202077,-0.642260223735799,setosa
-2.7404095473205268,-0.11631466500040055,setosa
-2.522777224947636,0.5976699049527117,setosa
-2.625235507517065,-0.05061924140601892,setosa
-2.807530610275312,-0.30585390293539927,setosa
-3.2481556050673612,-0.6041388515226886,setosa
-2.6910137524268984,1.1296883006870955,setosa
-2.414416297373237,1.2457019441849244,setosa
-2.6868394015168144,0.7244483923022873,setosa
-2.719463485034885,0.2829696130636643,setosa
-2.2239836968332924,0.8264048602430236,setosa
-2.648799380802677,0.47935271341909136,setosa
-2.358384871663654,0.36385002109329534,setosa
-2.5752421710652436,0.32278666819705926,setosa
-3.2620110341543325,0.053194593854383854,setosa
-2.3857849824808706,0.03200957098505519,setosa
-2.4151633377496533,-0.09188361241447218,setosa
-2.544335946038884,-0.15387230797460294,setosa
-2.490127384735868,0.03533254634653815,setosa
-2.610156485244665,0.35843112908799846,setosa
-2.6665205083437833,0.25134687451568727,setosa
-2.682072272789939,-0.2729105462920227,setosa
-2.601497764569218,-0.2418048541611304,setosa
-2.432060790293574,0.4071054057155976,setosa
-2.6933879539806846,0.6736748705988207,setosa
-2.6489171760528967,1.0149631513549862,setosa
-2.7150173403835294,-0.14786775262955043,setosa
-2.885438669398646,0.022220706375678745,setosa
-2.677734371033579,0.5991380904064592,setosa
-2.8443212431510347,0.15278286088787407,setosa
-3.0497783084014607,-0.5252337249267471,setosa
-2.6418958095139975,0.18780679597958994,setosa
-2.7892337941933314,0.21106876627199167,setosa
-2.8852652817614612,-0.9732555894179509,setosa
-3.053322676992599,-0.4349362996892223,setosa
-2.4480503090580528,0.0977738335194056,setosa
-2.2163402272294803,0.36204745202568933,setosa
-2.7615764329424115,-0.2761649613565531,setosa
-2.6096718004352657,0.4075397008878481,setosa
-2.898986865821342,-0.33449483937520963,setosa
-2.5831461581924855,0.4946536985690395,setosa
-2.766065279760835,0.05325054790984307,setosa
-2.8290894670409696,-0.12600501784227625,setosa
-2.759014407976626,-0.05539020532955252,setosa
-2.7213806631806667,-0.02594437799644833,setosa
-2.8601165451420996,0.02065817566506123,setosa
-3.063788207623741,0.1269231590544173,setosa
-3.2414662959201404,-0.8447427797363973,setosa
-2.6240767952899784,0.6239508820557722,setosa
-2.7217712783059023,-0.02452122745661356,setosa
-2.8189290649188594,0.36236451651021095,setosa
-2.521678369626164,-0.18037815726585027,setosa
-2.6895330948900105,0.2887848596502032,setosa
-2.785927952744403,-0.09413766082481878,setosa
-2.553391066755985,0.04610465445763179,setosa
-2.6839572675953223,0.6042493372713222,setosa
-2.5407685954379304,0.8138112683197765,setosa
-2.8065107511502068,0.11892803413011688,setosa
-2.8800501127159617,-0.532941338400791,setosa
-2.5671247818615637,0.538153423017806,setosa
-2.4289163743958295,0.3980339024818207,setosa
-2.5174075219936913,1.1049065467378956,setosa
-2.481272765494514,0.7259331415322317,setosa
-2.6582904624020203,-0.308842183364483,setosa
-2.520575056138825,0.26389269299523654,setosa
-2.9836882790571986,-0.22966935261760302,setosa
-2.6180384970454798,0.3952515228706588,setosa
-2.677139347302079,0.4364234185474505,setosa
-2.760834681528898,0.7596381673951935,setosa
-2.761023113949057,0.2606179983135739,setosa
-2.5435392831478376,0.6809430471690687,setosa
-2.555200029022102,0.8459257646522191,setosa
-2.766054270217814,-0.02852613572286611,setosa
-3.033256041796338,-0.7567262240487906,setosa
-2.9788151023790372,-0.21621902129749682,setosa
-2.6156813041750366,0.40777658278016826,setosa
-2.95035023419961,-0.2248791430730952,setosa
-2.72810199539989,0.2060263323066689,setosa
-2.416648423621259,0.7325570798212206,setosa
-2.5784527665302237,-0.2039489765719953,setosa
-2.8399460942592336,-0.1734895929574618,setosa
-2.7884451713878775,-0.17731055845683308,setosa
-2.390201972911555,0.542179847450023,setosa
-2.99223423546181,-0.3717500833733709,setosa
-2.7969913846496803,1.0325234659386915,setosa
-3.2973496390554997,-0.5496399938733925,setosa
-2.9822751852477416,-0.30347371403143075,setosa
-2.5028789475355038,0.03107164552583619,setosa
-2.9109598179296228,0.15556110666392886,setosa
-2.5953557654574015,0.6216769153967476,setosa
-2.61242118792785,0.21902278980759782,setosa
-2.920077364988347,-0.08440838344569102,setosa
-2.403014002263282,1.3969308973757713,setosa
-2.8140812376264397,0.08955328360645076,setosa
-2.582013763512078,0.5644034800644935,setosa
-2.4862103422322956,0.20794084873651641,setosa
-2.510469673026999,0.9200109022597811,setosa
-2.445982972887626,0.09725343257054764,setosa
-3.076523272469906,-0.5269772661996628,setosa
-3.0622861475739427,0.16658571783885456,setosa
-2.705268998532853,0.93685657004748,setosa
-3.035090353448197,-0.24316667807807146,setosa
-2.974401053264123,-0.3860481309737178,setosa
-2.6746171269472057,0.24394188203498324,setosa
-2.7319272860352815,0.6476823212984328,setosa
-2.9623953006791477,-0.010654116011175496,setosa
-2.4867385118506196,0.10356926847360803,setosa
-3.25862681308217,-0.41072246543975854,setosa
-2.7254096873132183,0.49760518565470857,setosa
-2.73169424262952,-0.19601688056143018,setosa
-2.3816842863533334,0.7714880557561781,setosa
-2.4668789398880544,0.13735344074911904,setosa
-2.9791549126048036,-0.2754244120161724,setosa
-3.0614339508319035,-0.4231862053021773,setosa
-2.8687883076145377,-0.3266460868138221,setosa
-2.7966388302592198,-0.37726681670195905,setosa
-2.5477019879282468,0.05053946488263428,setosa
-2.6316738509329154,0.4386949536622131,setosa
-2.370066703531339,0.7080643109607312,setosa
-2.210894721014966,0.4557344254119853,setosa
-2.6225135005378633,0.2693100830195796,setosa
-2.486740033374717,0.16738023372503097,setosa
-2.8046863211752013,0.45964915278247176,setosa
-2.5702093915399655,0.7608390732679755,setosa
-2.213237666520648,0.9906365272384203,setosa
-2.57598656148823,0.4173895808015784,setosa
-2.855955585364156,0.19918169058290403,setosa
-2.64155022998977,-0.28742910798536503,setosa
-2.8603335778566046,-0.21656919371723404,setosa
-2.33946736707127,0.6171262479412167,setosa
-2.76259535841173,0.038226760161769846,setosa
-2.6715481551572533,0.2327199817996739,setosa
-2.8854740514751698,-0.1950926997727107,setosa
-2.568675882358009,0.3777565794437132,setosa
-2.4180037576785347,-0.27907403874737025,setosa
-2.7393530138734974,0.12575881793194643,setosa
-2.8539519541307237,-0.2950260584531268,setosa
-2.2902832732959557,0.4521866344880312,setosa
-2.54709417514611,-0.16268670408185848,setosa
-2.6539464029264357,0.095425803463427,setosa
-2.1858480211377587,0.6297757678202052,setosa
-3.108616221586224,-0.5425847841607592,setosa
-2.7312629764783787,0.2314032428465591,setosa
-2.974638131346673,-0.39512662415684296,setosa
-2.60677511244715,0.7789617761682015,setosa
-2.8237224334908113,-0.41771395184424964,setosa
-2.844416245927821,0.0865729334293226,setosa
-2.649881156102696,-0.01574323504110442,setosa
-2.8666239749358065,-0.10610849132215971,setosa
-2.7235121666778803,0.3778332442620842,setosa
-2.7933358663529257,-0.28038624763790576,setosa
-2.63655622894166,0.29715174925055177,setosa
-2.997840924020347,-1.0674541322210507,setosa
-2.7090308813003823,0.17915944150404872,setosa
-2.7133740508797963,0.5425718439360718,setosa
-3.185968701873029,-0.48268575118361046,setosa
-2.754192697093846,0.3678193115469375,setosa
-2.6877719663764417,0.41510728760383486,setosa
-2.577793594922293,-0.13667797632392187,setosa
-3.1867844040118958,-0.6198200454718563,setosa
-2.587438149228022,-0.12912994654745003,setosa
-2.3871648236197323,1.099670367585741,setosa
-2.6191459658292247,0.2422220881624071,setosa
-2.7130126105519152,-0.35193223088869896,setosa
-2.4676578810273653,-0.18239808396178336,setosa
-2.4123798030163015,0.23169907859274907,setosa
-3.060336450965805,-0.13946278314633087,setosa
-2.5574736756155176,-0.04999474940605708,setosa
-2.679532884046491,0.4320414906221721,setosa
-2.7663660529627507,0.6660883102697834,setosa
-2.6496147669852177,0.6785205378714885,setosa
-2.3817255113190843,-0.08873348871093611,setosa
-2.525972202816125,0.5498180886482569,setosa
-2.6580005039695798,-0.08307748622021549,setosa
-2.766998792204715,0.2390986789821019,setosa
-2.5386457106401545,0.38193174018928033,setosa
-2.5679581817213433,1.2712915995651262,setosa
-2.428674795514124,0.1539336705385601,setosa
-2.8669898291067755,0.26106539381183236,setosa
-3.1628613934380283,-0.48733535497661595,setosa
-2.5733951628407064,-0.061895460999775054,setosa
-2.6556807967677396,0.39944961903770704,setosa
-2.660918564076291,0.5942860558215246,setosa
-2.6983472193565525,0.14467062291958754,setosa
-2.4741132992275046,0.6770845307303572,setosa
-2.3186173049913363,0.14928111059077764,setosa
-2.8868914373817707,-0.3456467317155463,setosa
-3.1834496170443094,-0.3681564433138629,setosa
-2.655615041252746,-0.1577799038610932,setosa
-2.8065623386915326,0.22571542335238615,setosa
-2.787839487448505,1.109501755082114,setosa
-2.661333259246361,-0.02891961248245778,setosa
-2.5791761141562426,0.4634245477893053,setosa
-2.5940382979245196,0.258271224271053,setosa
-2.814867508110761,-0.5064148415481524,setosa
-3.0499575681958584,-0.6550262776653266,setosa
-2.772347316124118,0.09673700439823385,setosa
-2.749482933898058,0.3430763601582285,setosa
-2.758909207003497,0.21633662971153722,setosa
-2.671109403973171,0.09521816767913904,setosa
-2.4662537937749467,0.3725304574043333,setosa
-2.6811055514350786,0.5636044884986733,setosa
-2.782053534421571,0.3085273121485521,setosa
-2.660947718296961,0.5149531450497706,setosa
-2.7892825041920224,-0.08423084066660103,setosa
-2.7294860659890867,-0.33591634200713383,setosa
-3.216247700098696,-0.3965106041919304,setosa
-2.4724578734409097,0.6112605177236992,setosa
-2.4681622222208817,0.7867983187155669,setosa
-2.998612471478348,-0.32574777365116603,setosa
-2.7451594012524043,0.36472603878665044,setosa
-2.8540261341347732,0.2674318809802392,setosa
-2.52948254591244,0.47220949747863994,setosa
-2.5502381533415837,0.48565871422667595,setosa
-2.8630992345871276,-0.14273113879894073,setosa
-2.511264167989666,0.18312137845639498,setosa
-2.6410637364047695,0.2753053605551923,setosa
-2.344199042383512,0.1151662118263932,setosa
-2.7739254374180042,0.3755479622340392,setosa
-2.735487179744952,0.07970700419198629,setosa
-3.19101625781697,-0.4810594122559202,setosa
-2.6327124138991578,0.4146533027760091,setosa
-2.770791019705892,0.014809736234374427,setosa
-2.6470567181602487,1.011239019282466,setosa
-3.0495325098870496,-0.2753340895857592,setosa
-2.7544132830232533,-0.11141856847968601,setosa
-2.7471132250152897,-0.002614241391782457,setosa
-2.540588976490755,0.527903755657932,setosa
-2.526331276331244,-0.050892727299977736,setosa
-2.4998763333420477,1.110331194386493,setosa
-2.7937180914942568,0.13642336720872894,setosa
-2.535974868276364,0.45469421780884467,setosa
-2.65649372833356,0.5504846833575501,setosa
-2.633867207395071,0.11040894043321092,setosa
-2.579353249781876,0.460064557067108,setosa
-2.9432998146093006,-0.46192637049766727,setosa
-2.9031457939084806,-0.20719687839730216,setosa
-2.958403310584463,-0.6592906135937122,setosa
-2.6417130257726833,0.07724914914901326,setosa
-2.5595219914253162,0.6095829375691029,setosa
-2.682470086259775,0.1473759503034966,setosa
-3.1302686233777064,-0.5545026211497284,setosa
-2.534139622968719,0.6803083304219619,setosa
-2.8451364643911794,-0.0970797024666803,setosa
-2.5855360492440367,0.5528933674087195,setosa
-2.8319332746791943,-0.2807408891614873,setosa
-2.384513180772157,0.6926732493478642,setosa
-2.991315606969345,-0.15115856914304437,setosa
-3.05216783973707,-0.1591986680225217,setosa
-2.5372425283387003,-0.043448120279925284,setosa
-2.6164219856951894,-0.09674853194320754,setosa
-2.2413091208601346,0.32141266036581495,setosa
-2.674620427978919,0.2764876607591811,setosa
-3.1393282298391703,0.11128107898428041,setosa
-2.481569894129897,-0.0455984062728092,setosa
-2.811446388675141,0.08614613110952174,setosa
-2.8660560012697327,-0.31197607198475374,setosa
-2.737518672953653,0.09455998217470984,setosa
-2.722445270092112,0.3763932469700162,setosa
-2.809212741466186,-0.18801542324316856,setosa
-2.8390877386716418,0.2159487409608758,setosa
-2.6182069415072378,0.1503519640928408,setosa
-2.336593437614602,0.4462583543096823,setosa
-2.5987565430190065,0.7705120786973012,setosa
-2.5773960096048256,0.5538155389803654,setosa
-2.6469581569313947,0.4164838663304975,setosa
-2.544578356280788,0.2872689551356915,setosa
-2.823433286405049,0.09534433651526442,setosa
-2.711438814733995,1.0125042056901359,setosa
-2.7535339776798153,0.3066838376098344,setosa
-2.3964987856935003,1.0253450479370194,setosa
-2.5520088336472124,0.31555617528221447,setosa
-2.8345184080747403,-0.2359973985346846,setosa
-2.605929632587825,1.2188203834815123,setosa
-3.012810316421736,-0.4648194654078104,setosa
-2.9263242778217875,-0.6421801260525282,setosa
-2.5631466063880977,0.10373913130125523,setosa
-3.0557234413495973,-0.5028155917723023,setosa
-2.684141601565556,1.0197526926048077,setosa
-2.478738388280094,0.590936008960667,setosa
-2.4199429198420455,-0.1215540899184635,setosa
-2.9543385153914605,-0.17537067281845165,setosa
-2.5287991672765666,0.564105521849795,setosa
-2.572483776452457,0.6060661299623327,setosa
-3.1491972444827003,-0.035745809595992384,setosa
-2.808069502185153,0.24898806242653038,setosa
-2.7404468680467344,-0.09534300745894075,setosa
-2.5311352454487683,0.13121414630451422,setosa
-2.6833401897094653,0.5808618707705007,setosa
-2.3129661553348004,0.16392418887931548,setosa
-2.7922950867399616,-0.30930094861469204,setosa
-2.7868651108811444,0.02908887348248257,setosa
-2.7200949894410917,-0.06177239200259965,setosa
-2.6116688159552433,0.38289313664860636,setosa
-2.7267243853993817,-0.29781067154144925,setosa
-3.222703319435873,-0.8378690812463789,setosa
-2.72055165256999,0.8224190104987557,setosa
-2.5476896655631402,0.38248893448155297,setosa
-2.690453006936575,0.13682790240173137,setosa
-2.7086156999944255,-0.21333875031312832,setosa
-2.225167226861126,0.9918489421550181,setosa
-2.5036207265275117,0.6833941669555168,setosa
-2.717638603429142,0.0286017524362272,setosa
-2.7936075870665955,0.19906518920788674,setosa
-2.716082622404079,0.33386781899669415,setosa
-2.5739289513067254,0.4300113065035722,setosa
-2.7075531587157733,0.2226124831309919,setosa
-3.004410469436514,-0.39488954195463233,setosa
-2.885494068138393,-0.20807856682502557,setosa
-3.161548669633026,-0.48001046017918103,setosa
-2.8325737856424387,0.0032500085521949273,setosa
-2.620592569166468,0.6740847695406718,setosa
-2.6716616875783155,0.5103281028787494,setosa
-2.7457733781172586,0.5017175417466238,setosa
-2.206045881801993,0.47297523957459653,setosa
-2.7832206010010845,0.24494675046853231,setosa
-2.7284776973057254,0.2833705477573991,setosa
-2.4339787418267473,0.5364584127845129,setosa
-2.4713785382659808,0.6436217854268689,setosa
-2.8575643099383714,0.19282922897079757,setosa
-2.6519308571990186,0.4997497726300102,setosa
-3.2864149189023415,-0.5148074594827019,setosa
-2.7204029908187572,-0.23592744726542936,setosa
-2.811971622214859,0.5444089751127175,setosa
-3.0693001455886813,-0.777127251703237,setosa
-2.8078729675957566,-0.13753761964214917,setosa
-2.7282273779786386,0.37034401802021577,setosa
-2.3345889939081648,1.1117479209883427,setosa
-2.9088308328222654,-0.26182958483416563,setosa
-3.0393148434031105,-0.2488043252598029,setosa
-2.702738000336475,0.5029266891899029,setosa
-2.8517093343067175,-0.05381018127942827,setosa
-2.6860884791670308,-0.04100722299783488,setosa
-2.5921485927700787,0.8779865425558881,setosa
-2.6480124592400727,-0.3894134093544208,setosa
-3.392425701500131,-0.6696140396670929,setosa
-2.19057754301325,0.7366090039352473,setosa
-2.5255449858334016,0.635327957902839,setosa
-2.724695890916096,0.5099470037675458,setosa
-2.6701930013818935,-0.023342116392814027,setosa
-2.582383939048176,0.22485826162833877,setosa
-2.3626551792982693,0.6540539219151729,setosa
-3.1594390834894313,-0.5075154788863969,setosa
-2.5567879980508548,0.8349070528047653,setosa
-3.177272659908211,-0.38039793850922976,setosa
-2.6527577343864666,0.16992709631645653,setosa
-2.977005521850296,0.11032686181607954,setosa
-2.8642849325433404,-0.07521288822723093,setosa
-2.950390913930338,-0.4125876737694325,setosa
-2.5224023636564654,0.3252585705037445,setosa
-2.674101580873959,0.6732900250613927,setosa
-2.6683243482788854,-0.368505560030032,setosa
-2.6053588544067185,0.1570118271206713,setosa
-2.5714662362696616,0.14758972913996704,setosa
-2.480734462016148,0.250580346540592,setosa
-2.933579528944276,0.11011285871952481,setosa
-2.6676979386251998,-0.2922156604048878,setosa
-2.9796671628835023,0.16565725728806946,setosa
-2.75778361700976,-0.13136518897911387,setosa
-2.473760520795513,0.5064807341746889,setosa
-2.635273777969032,-0.15525209754886404,setosa
-2.4514405574121945,1.0010560357185314,setosa
-2.352043990878474,0.7594342497539168,setosa
-2.540964124470266,0.9463736815797406,setosa
-2.826707290301055,0.04446635581643399,setosa
-2.6034400967640314,0.6433408198913586,setosa
-2.530095432870413,1.2307315745151977,setosa
-2.6644625822059522,0.6002707189583258,setosa
-2.5691576023839793,0.6501476886584818,setosa
-3.1220394812605807,-0.648009173935284,setosa
-2.5764264399753176,0.5058828673967151,setosa
-2.5473474299886396,-0.08879914514580989,setosa
-2.3165264427023997,0.4322638180146603,setosa
-3.203054290894303,-0.23666734344273177,setosa
-2.6692631778273266,0.4801903399110339,setosa
-3.1828329620843663,-0.03758967378637834,setosa
-2.675617270589058,0.4890718443842026,setosa
-2.834739445634885,-0.12014629928151521,setosa
-2.3551352202876306,0.2058904720592416,setosa
-2.8972213089730556,-0.19170966262038025,setosa
-2.69193044226968,0.6708117227669188,setosa
-2.5319007798379825,0.1638226643313203,setosa
-2.6282825964585492,0.004944936119339438,setosa
-2.709483966526857,-0.23085712982187268,setosa
-2.667730967254263,-0.046885609506762016,setosa
-2.8779332978334535,0.9500419139797316,setosa
-3.078793909957113,-0.40640937645444897,setosa
-3.1238062578898296,-0.66041396433614,setosa
-2.790147411719933,0.10693096806245173,setosa
-2.7740649948970755,-0.277202987715941,setosa
-2.1840977809844304,0.41735122227568944,setosa
-3.1072781196906587,-0.4901330683909446,setosa
-2.540584067257315,0.4316382353928203,setosa
-2.676194796047192,0.651159314055965,setosa
-2.5744995450950783,0.409546581640706,setosa
-3.1274292003145843,-0.4447362293078134,setosa
-2.477347450357418,0.16508520590275122,setosa
-2.859181876127229,0.3661792823316823,setosa
-2.8292457740935375,0.3198227207375641,setosa
-2.517311673365077,0.4632080021398357,setosa
-2.629486050671647,-0.02198576290035259,setosa
-2.575438210264287,0.08571664030984927,setosa
-2.45022683310148,0.24036671492820716,setosa
-2.7289004079674024,0.5458019543142276,setosa
-2.76848083559129,0.2124219872499804,setosa
-2.4177551535227626,0.5618755278253085,setosa
-2.4699760023688087,0.05650512836595656,setosa
-2.650324938266163,-0.08494769698957327,setosa
-2.7047161610013846,0.8628723453189462,setosa
-2.8055468003683934,0.667273710312724,setosa
-2.6300966392639946,0.8060466385109022,setosa
-2.7943184772162613,-0.4564983683172983,setosa
-2.788610909049726,-0.1957865879986791,setosa
-2.7793923742870867,0.36592518574287247,setosa
-2.535015375097254,0.5042164349767697,setosa
-2.5890274742753117,0.19812737251453427,setosa
-2.8590485212533263,0.06822670589839142,setosa
-2.607396224446633,0.6730670010910051,setosa
-2.647159601317395,0.1757796151993185,setosa
-2.5393420082007467,1.0924581733541663,setosa
-2.546219779036112,0.35168122227277365,setosa
-2.6245672363109747,-0.06797460435229308,setosa
-2.8111746679614718,-0.39330530573627165,setosa
-2.390108543831346,0.25149463560812,setosa
-2.565430737303032,-0.1281442454017494,setosa
-2.4442441501484407,0.5331878192624355,setosa
-2.8245127720307446,0.0011460157294660434,setosa
-2.320104423116912,-0.05559512653425003,setosa
-2.6959173674429935,0.38204416211212244,setosa
-2.871013715290354,0.3010648787630421,setosa
-2.5825475180361095,-0.08780008673849249,setosa
-2.712252529504836,0.4862026645087685,setosa
-2.531199737986347,-0.19393890129172497,setosa
-2.431175477118513,1.0190855623168904,setosa
-2.6488680729594405,-0.24954764141318275,setosa
-2.610899620818374,0.6255342279621479,setosa
-2.5610970702341715,0.03727651143709387,setosa
-2.923903137085624,-0.253519578852587,setosa
-2.9359886253123713,-0.13192693070835837,setosa
-2.5560434134174854,0.7736344626067764,setosa
-2.766824111195802,0.29059142983685593,setosa
-2.632276015599372,0.5380034850739301,setosa
-2.735971476133587,0.09725907720519711,setosa
-2.6679349874397635,0.18106655662547144,setosa
-2.5758502992405425,0.9232061718858784,setosa
-2.7320720394361335,0.2372554830864022,setosa
-2.7577441715516255,0.6975911689607752,setosa
-2.751595879046174,0.16190119062764552,setosa
-2.807370555234295,0.24715464500058815,setosa
-2.8948799136962933,-0.4216660559439065,setosa
-2.809937130280743,-0.29305465616172466,setosa
-2.483467477975207,0.7359231592126694,setosa
-2.71099684134613,0.5680827708978979,setosa
-2.2521568908458,1.0303490363179986,setosa
-2.7204498633370253,-0.25873590071479935,setosa
-2.758923827734229,-0.18512316426207853,setosa
-2.7634522849531837,-0.23563362512862085,setosa
-2.757666171657853,0.14083258865068427,setosa
-2.5618818824043683,0.039247045123921076,setosa
-2.7542039646203853,0.3545198434009986,setosa
-2.512722296273803,1.2301038933750448,setosa
-2.8055744681332806,0.22124926166594516,setosa
-2.567285065618113,0.3724294335166558,setosa
-2.231732252027781,0.777991913878294,setosa
-2.341691963963572,0.23404816883786594,setosa
-2.530124062995909,0.2866682105360674,setosa
-3.0414445041827363,-0.4755111405668986,setosa
-2.4823544190485887,0.5338089894061495,setosa
-2.556023877652985,0.8993485987254006,setosa
-2.6668412987720864,0.12770331635834253,setosa
-2.7306080389947835,0.3155418166999633,setosa
-3.0667706683532363,-0.423750713844421,setosa
-2.563759615092015,0.5592894120036993,setosa
-2.7324917070496157,0.37206495914038484,setosa
-2.805253935688497,0.24981666804464187,setosa
-2.7363308800966624,-0.32888641659409945,setosa
-3.274310031148668,-0.30279032695283803,setosa
-2.8727923133724667,-0.06576509025482924,setosa
-2.7242906498229633,0.0070080561464775926,setosa
-2.4409588213162507,0.1150957816042304,setosa
-2.6480533958279913,0.7747928151005361,setosa
-2.4455725698146997,0.49610070751786495,setosa
-2.766769680053828,0.9258273787600588,setosa
-2.6612989470631976,-0.34288422036243915,setosa
-2.942722998765422,-0.124001012668284,setosa
-2.757599900175823,-0.22624463069082346,setosa
-2.5830926027334904,0.6319419558704045,setosa
-2.8019815463577102,-0.17960092559070517,setosa
-2.591099121993239,0.607532273523482,setosa
-2.5979525548002513,0.5864602930645528,setosa
-2.8696505663153453,-0.150286715810795,setosa
-2.6139347097145698,0.13273044047069238,setosa
1.2551746430082584,0.6253540989185673,versicolor
0.8925705939194879,0.28314507681438617,versicolor
1.4175417976035032,0.4542063520808073,versicolor
0.16875677845594872,-0.8881762798521882,versicolor
1.0408148030072777,0.026058474915706675,versicolor
0.6162721325601268,-0.47697151557060735,versicolor
1.0830269147883245,0.1806814236517571,versicolor
-0.7902400734158315,-1.065521933143886,versicolor
1.0335904850499107,0.1654541035217667,versicolor
-0.033375697460067855,-0.796550717626384,versicolor
-0.5234855740057034,-1.3102864415036102,versicolor
0.4604400024958739,-0.18688663263623173,versicolor
0.2068457184339536,-0.5920140168148738,versicolor
0.9036669187794191,-0.15745500282681402,versicolor
-0.2077381392059614,-0.30809577622471185,versicolor
0.8782421067024346,0.488969353137124,versicolor
0.6365171524309696,-0.44342112534846745,versicolor
0.22304496347242164,-0.38332628134169333,versicolor
0.8965888372245505,-0.5459123616389006,versicolor
-0.015912359787360053,-0.6014638523468552,versicolor
1.0830097319081196,-0.20588470888532306,versicolor
0.2950453234284698,-0.07559531540597231,versicolor
1.23026317868183,-0.3261508505747912,versicolor
0.8822791697942511,-0.25837643757148054,versicolor
0.642478506461865,0.14618341216678754,versicolor
0.8926833587534881,0.2643238162744579,versicolor
1.3129936301605412,0.23360142620593116,versicolor
1.5251233663498418,0.23346551157557105,versicolor
0.7657588816032073,-0.18596644857424938,versicolor
-0.33007887288902005,-0.3884399531750171,versicolor
-0.0748472494669068,-0.7496203479731722,versicolor
-0.24782652557456863,-0.6995311340930215,versicolor
0.11426687218276754,-0.37206833439078135,versicolor
1.3635344708581485,-0.4637480395560445,versicolor
0.56602349508334,-0.5714439012438088,versicolor
0.7502465626151862,0.1187324885579315,versicolor
1.1870740702111426,0.3733067767633278,versicolor
0.7729095787200118,-0.32475401833071604,versicolor
0.20840129018313114,-0.38655647005297666,versicolor
0.11440287588377185,-0.6848233485500979,versicolor
0.46739483956922534,-0.7420419204487674,versicolor
0.8649179471284629,-0.08271249169368122,versicolor
0.2145155922620745,-0.45145985935535915,versicolor
-0.7509195111107632,-1.0423756849231678,versicolor
0.33161553008001654,-0.5595247560079732,versicolor
0.28973056122004337,-0.30145902058574947,versicolor
0.3352780829053019,-0.3952765209033622,versicolor
0.6066266744297613,-0.0027409806995191133,versicolor
-0.9614277194620184,-0.816666108148091,versicolor
0.27978597203147526,-0.42222079920196975,versicolor
0.5247838252372716,-0.2731109266695215,versicolor
-0.10171692100499552,-0.6664441501923193,versicolor
0.4476848285085282,-0.6743840110632586,versicolor
0.21345524817978667,-0.3071245512457148,versicolor
1.0818161117798608,0.510777017605121,versicolor
0.7032743062279616,0.41902224990576364,versicolor
0.6124317982680898,-0.08282108452415304,versicolor
0.25429827505547653,-0.8881646858401515,versicolor
1.2114842254482934,-0.39620831212898544,versicolor
1.0365166484521868,0.04953561725966704,versicolor
0.016160723116501963,-0.537005148355445,versicolor
1.3226514836836145,0.5451743404711484,versicolor
0.12785015763015384,-0.19599610689375435,versicolor
1.062230938626052,0.4650996809712744,versicolor
0.050109064640932566,-0.3112131576945032,versicolor
0.6340103705170002,0.4072419297974603,versicolor
0.44453033616038606,-0.5678576190779063,versicolor
1.0990357400386062,0.27951623693644034,versicolor
0.553753070241692,-0.22459142503389806,versicolor
0.7995292755921621,-0.39973631088522854,versicolor
0.40851583878261355,-0.3805192617754205,versicolor
0.7143904828087182,0.44043842512383247,versicolor
0.2106706791845525,-0.13560923019273208,versicolor
1.0608457987066595,0.11537444609407288,versicolor
0.9120137062591613,-0.1249135931659211,versicolor
1.1445231830293752,0.3878758787133689,versicolor
0.7616751109355198,0.089540500878031,versicolor
0.11825650995631865,-0.03635738208989281,versicolor
0.919539502358699,0.24931123288675128,versicolor
0.32498487058114733,-0.6366759185167519,versicolor
0.9503804522056223,-0.5063419429173868,versicolor
0.8459594329205569,0.37436352637596393,versicolor
1.2492258493124684,0.37252262273266457,versicolor
1.0233210655190863,-0.02875333723993645,versicolor
0.1432581012049159,-0.7899827726441782,versicolor
0.6745447501739044,0.21380539681345745,versicolor
1.4471577843179961,0.20480828566956344,versicolor
0.5443989552671269,-0.10400696717946811,versicolor
0.36896945086674116,-0.6120725476087152,versicolor
0.36831027925881,-0.6793435478567886,versicolor
0.3320029804111133,-0.7362977723790758,versicolor
0.9391819778336226,-0.015877793592149025,versicolor
1.2731603648197094,-0.2003650803606929,versicolor
0.6415774974255468,-0.4955589613816418,versicolor
0.48843620637478846,-0.20997829382359967,versicolor
0.8808160012762638,0.18979165111289653,versicolor
1.3285506186701355,-0.4490954614407663,versicolor
0.12527774025764327,-0.6556180929098225,versicolor
1.453259720272217,-0.16353784255564197,versicolor
-0.1226301920684083,-0.5923866174199732,versicolor
0.31525991421584365,-0.38413058227342933,versicolor
0.47660468316799065,0.061209421348403126,versicolor
0.8940792059096037,-0.25779250704856693,versicolor
1.07271580444782,-0.5483912799353599,versicolor
-0.10377288791645967,-0.4399050448116242,versicolor
-0.14833537338964842,-0.7004688941606583,versicolor
0.9665893420772731,0.29023244313222474,versicolor
0.9832950101231699,0.351053837022798,versicolor
0.8452476389462555,0.1854824739453944,versicolor
0.2963775186616715,-0.7277975673269994,versicolor
-0.2579564455991292,-0.4822135918667394,versicolor
0.06425770999560587,-0.023325500510440023,versicolor
0.4436194892068315,-0.3838260586793556,versicolor
0.2673995882937037,-0.7142576384968828,versicolor
-0.4469324388158693,-0.3225926041270979,versicolor
0.8391554921909288,-0.1210631485731053,versicolor
-0.16437328563332798,-0.2453025010898271,versicolor
1.1774784775241312,0.22721524938194815,versicolor
0.9252307053552,0.38017860532813597,versicolor
-0.9228383500950157,-0.5925152395670628,versicolor
0.8462690483002788,0.305318702508,versicolor
0.19124006864401188,-0.3554989193100395,versicolor
1.5852556099329052,0.3940638695891794,versicolor
0.9934871904206313,-0.4242777717846167,versicolor
1.0382672770262777,-0.09622828347179002,versicolor
0.9445290297888711,-0.017692022022833598,versicolor
-0.5401537558198335,-1.117614427277628,versicolor
0.2124612480439687,-0.7995079364051572,versicolor
1.123549969509046,0.4562149090247889,versicolor
0.07421695385689198,-0.6452142622269408,versicolor
0.7795151760846446,0.043572441946325924,versicolor
0.8203611584892974,-0.6080761617987624,versicolor
0.05414993023986803,-0.390084982680432,versicolor
0.5211500095070702,-0.18355215256395407,versicolor
1.4487962422898928,-0.18110366248213516,versicolor
0.5835458134155207,-0.1451819953707325,versicolor
1.0829804014228346,-0.2578270951980368,versicolor
0.0039909929269361655,-0.26636711291585513,versicolor
0.0698951369457177,-0.6973445837002545,versicolor
1.619741026463438,0.6062707549121562,versicolor
-0.11973437976327173,-0.7189122337614595,versicolor
0.5075641964153599,-0.7653455994658112,versicolor
1.069372282556742,-0.5300085833616359,versicolor
0.014253650689103559,-0.4610133179536522,versicolor
-0.37248584784776284,-0.8820065854761534,versicolor
1.8742692258816325,0.3813432119420179,versicolor
0.30818646941926797,-0.4530621722396928,versicolor
0.9917200059202598,0.1298996864182218,versicolor
1.050588264401834,0.33733801332150115,versicolor
1.1414529758405019,-0.40664530073770777,versicolor
0.08404991131479456,-0.6361028331352765,versicolor
-0.4826407377912485,-0.6542052258923716,versicolor
0.9434899279510995,-0.17023137080472495,versicolor
0.045897004020714505,-0.6751576900462659,versicolor
1.2066045985622376,0.3836607354841979,versicolor
-0.23729520959728312,-0.6127639520570103,versicolor
0.0713799216373543,-0.8648592435735285,versicolor
0.4449253645655453,-0.76544603339193,versicolor
0.2601725783127842,0.19194261197626794,versicolor
0.024646931274578066,-0.36731259765407387,versicolor
1.436919046895432,0.57013810630328,versicolor
1.151445823397025,0.6045050640968963,versicolor
1.1748253183896233,-0.20495225818360208,versicolor
0.7308983170931622,0.020296592024583227,versicolor
-0.0594774861202092,-0.16096412829864626,versicolor
-0.3861418648027044,-1.0132858183286224,versicolor
-0.6761773130313715,-0.7664471532157613,versicolor
1.23154439594503,0.5861885833343159,versicolor
0.997929272253538,-0.7432626358043626,versicolor
0.7812510633083871,0.6403678578370791,versicolor
0.3371392509753699,-0.17551802701205688,versicolor
0.9269913529700462,0.6192293023480753,versicolor
0.47882725706078766,-0.1929212787436958,versicolor
0.4347287840750269,-0.9712073701021717,versicolor
1.5772882138114728,0.31829311056641707,versicolor
-0.7380885338628458,-0.9684279748950315,versicolor
0.8176534626479928,-0.3188324951163004,versicolor
-0.11666006945047247,-0.6363385744150971,versicolor
1.0076963472133373,0.4230821109068392,versicolor
1.150660816453282,-0.15035017808777607,versicolor
0.9586624888858326,-0.1134295941037049,versicolor
0.8916549734069035,-0.3679489405423908,versicolor
-0.7572838307736589,-0.9978763447810488,versicolor
0.1220624303327682,-0.3292624415422658,versicolor
1.2934305978387197,0.3273425186407817,versicolor
1.1284090005548686,0.13495731489484886,versicolor
1.1437837943177867,0.20682435717340653,versicolor
0.9223182348281984,-0.02109691060986485,versicolor
1.1448389711831162,0.06367841755022408,versicolor
0.9418933407860735,0.514143464940827,versicolor
1.054782704439579,-0.3245575019385738,versicolor
0.7598819306451254,0.1957195982652955,versicolor
0.9257325000172019,0.3619993301276798,versicolor
-0.6652331973372476,-0.5701914233269845,versicolor
1.3561650116423305,-0.0779444405101053,versicolor
1.2534423577177627,0.11968701046887009,versicolor
0.02096485773958623,-0.44464695630192086,versicolor
0.9378686426926519,0.11794108764231304,versicolor
1.0635533786023466,-0.6563211545123835,versicolor
0.11222863226020241,-0.533440989632167,versicolor
0.6533893349802433,-0.23080241228992815,versicolor
1.1330314700483415,0.7182689846040473,versicolor
1.5030490359753745,-0.2856752202852988,versicolor
0.2365870595855375,-0.04109957222320837,versicolor
0.9989261154268414,-0.23235136596441475,versicolor
1.0114807731620834,0.15249541897747498,versicolor
-0.08974342366169186,-0.48398708246068,versicolor
0.7269960373582247,-0.13822769853712735,versicolor
0.10800552759181148,-0.3949939575098549,versicolor
0.47878087124157087,-0.5079381388492568,versicolor
-0.4044500495804835,-1.0327317385028811,versicolor
0.26462027319305736,-0.5438404622198556,versicolor
-0.19393122534413543,-0.5039030526688766,versicolor
1.235836716865359,0.3119114528368998,versicolor
0.6295298108237297,-0.5076662398451832,versicolor
0.7129038800870164,-0.29778096190887204,versicolor
0.6801178063323832,-0.4823949376384826,versicolor
0.1526814967677197,-0.261156046036624,versicolor
0.48771608675288114,-0.029004527723883733,versicolor
0.21427128076661006,-0.3445555791064052,versicolor
0.8586325517606594,-0.24790622344308844,versicolor
-0.4050270648719101,-0.5010118276839446,versicolor
1.015531097511957,-0.42670283460322267,versicolor
0.4103038718695702,-0.39525643062800686,versicolor
0.733512337471395,-0.43229828977438345,versicolor
0.6711241846646097,-0.03762986537314017,versicolor
-0.13893023003724458,-0.365990860653584,versicolor
1.052698458427261,-0.40289906917275964,versicolor
0.6906556023487118,0.016909029142691878,versicolor
1.1255794252266123,0.31502059273619487,versicolor
0.35162378782463577,-0.19875074022831285,versicolor
0.8058413769274075,0.43693840764357716,versicolor
0.8251711997747435,0.18893599794560512,versicolor
0.564620492779075,-0.3824664160061655,versicolor
0.6256921404135882,0.08430976605063645,versicolor
1.1447656570444158,0.008480444975192292,versicolor
0.18774641247438417,-0.1464411214516561,versicolor
0.9844763809139261,-0.24370337952917964,versicolor
0.010938291953265455,-0.6202018826890399,versicolor
0.9758693689625852,-0.17077844263317754,versicolor
-0.8681405107054871,-0.7867694524518276,versicolor
-0.03782036930566868,-0.27864213398132076,versicolor
0.9752047147445335,0.1503332603295391,versicolor
0.6658299550864415,-0.06035539994330996,versicolor
0.9509769542647692,0.019134604113247633,versicolor
1.689855559127576,0.5412117286483129,versicolor
-1.181041984430255,-1.0254309741816519,versicolor
-0.6580375440105275,-1.2330355350708064,versicolor
0.9360485622244346,-0.4806911241563494,versicolor
0.18916880878368403,-0.6029288269530024,versicolor
0.5261353826012769,-0.01918135136527077,versicolor
0.009706081194726934,-0.26769669750215463,versicolor
0.3128012878110775,-0.30278908412495653,versicolor
0.8252015158035695,-0.10333744459861105,versicolor
0.08807577121637067,-0.6115068091527318,versicolor
1.1171945833755856,-0.581872633150426,versicolor
0.1429477382516522,-0.3718985281888507,versicolor
1.2453739315375643,0.41707146689253705,versicolor
1.1465386351525062,-0.47540214517061763,versicolor
0.3863566980273747,-0.5808728759224273,versicolor
0.4567620842572886,-0.5554624068369165,versicolor
0.7556976969318621,0.008249264343239027,versicolor
1.1964483960593126,0.29903850836774293,versicolor
-0.3281457759667763,-0.25756816601272536,versicolor
0.3998145278684122,-0.6943369422492376,versicolor
1.3020948747150527,0.5160732651832172,versicolor
0.3276978849317782,-0.9223765856657558,versicolor
0.9612659031966011,-0.20495913488151452,versicolor
0.6621159422661034,0.005675412918583866,versicolor
1.0750006742449951,-0.33416002052001836,versicolor
0.3819724023236617,-0.7130556159617969,versicolor
1.1205668278701175,0.16441912037560957,versicolor
1.3592680819547072,0.19678162238482955,versicolor
0.7526928579635461,0.036828824110240355,versicolor
0.27797012625075546,-0.3142251311409954,versicolor
-0.40615804556097235,-0.6678116731268426,versicolor
0.32227084571473075,0.02536346996814398,versicolor
0.6525813326613834,-0.08578030818698235,versicolor
1.2370383828795388,0.638964268629068,versicolor
0.7666441655102814,-0.05634700218644095,versicolor
0.04965791862730562,-0.2360193392453045,versicolor
0.7749299261481175,-0.049934668125263926,versicolor
-1.1059310540740954,-0.79526787030413,versicolor
0.9069764351891942,0.08232087705481916,versicolor
-0.5698640414971861,-1.2549589782362034,versicolor
-0.3491835895574358,-0.5476212819935631,versicolor
-0.927405362875934,-0.7043016691135611,versicolor
0.3438023214038406,-0.7465684552445957,versicolor
0.020630301408408158,-0.5049504917965502,versicolor
0.5081997062303714,-0.05018660957004073,versicolor
0.5898279135519386,-0.12692262248700725,versicolor
0.10094175081134882,-0.7182936410889678,versicolor
0.48630724071778797,-0.4258304957422627,versicolor
0.21670978877573077,-0.6516021805930929,versicolor
0.7816327287230651,0.061912670109247614,versicolor
0.1090208366362555,-0.28964656557965185,versicolor
0.3165441589092808,-0.5355365449075276,versicolor
-0.3306245120758877,-0.7333190745021678,versicolor
1.532043955576329,0.7775161144801048,versicolor
-0.0582266784901222,-0.22395324489589363,versicolor
0.9627783556531249,0.07355065389199211,versicolor
0.4680175948387495,-0.3969863142888794,versicolor
0.7211199464651648,-0.19471742611610132,versicolor
0.9463338086169255,0.43835848005187295,versicolor
0.30617580478363227,0.010978535045069293,versicolor
-0.5408707889123692,-0.31216918382917935,versicolor
1.042954088043401,0.0269039272860514,versicolor
-0.05605150177392915,-0.3596573986949565,versicolor
0.301990915974784,-0.006841292168994428,versicolor
0.3115165909237412,-0.2797895956760357,versicolor
1.5219699438950585,0.8712699175892942,versicolor
0.22637013198383915,-0.08528145383682784,versicolor
-0.38786180341883636,-0.5822672744387427,versicolor
0.8571299757438249,-0.47772108578482,versicolor
0.47920244879991447,-0.6398979353416001,versicolor
0.1523557391331698,-0.5297600508908547,versicolor
1.0667426164403606,0.4083326666891862,versicolor
0.6678889499913057,-0.627144448402241,versicolor
0.5236503612266672,-0.15064326872837697,versicolor
0.2807876951702326,-0.4899357598406153,versicolor
1.2426147980425375,0.15144412241492766,versicolor
0.17499507839028094,-0.5379865807071944,versicolor
1.5375219944663918,0.5259732934591934,versicolor
1.23507666564943,0.6796327211178843,versicolor
1.3998816093850728,0.3093430501293133,versicolor
-1.2266814516309132,-0.8557126341873431,versicolor
1.1126735836110768,0.4908206186359356,versicolor
0.5108941909367255,0.00793077181858326,versicolor
-0.21323057591155248,-0.6658171700223736,versicolor
1.5705653940101394,-0.5300355481853805,versicolor
0.30965763950039626,-0.5525044414303286,versicolor
1.0103319350468762,0.40202284112224795,versicolor
1.3426879332882962,0.48724235169021046,versicolor
-0.05879256305574554,-0.19453367484052286,versicolor
0.349727768699875,-0.233042324135325,versicolor
0.03912302073029572,-0.323662288674158,versicolor
0.1273911668676444,0.1363242610194204,versicolor
0.9033775780464381,0.019651839872111054,versicolor
1.115140784955666,0.46608775703552396,versicolor
-0.02309516665379885,-0.47140072421148993,versicolor
0.8692690544978809,-0.15914490400408177,versicolor
-0.6084202254208666,-1.1185875287576383,versicolor
1.4165080853347298,-0.6308222394974745,versicolor
0.12845977862472946,-0.6190918325825097,versicolor
0.13314984111361916,-0.3205185322828914,versicolor
-0.8136088261033931,-0.825025596440013,versicolor
0.052834659340187606,-0.16988820346594213,versicolor
0.3379851473971174,-0.6336289716021408,versicolor
0.5992469732579844,0.20605244143997936,versicolor
0.33183646647090104,-0.16459963808207245,versicolor
1.427351831587563,0.3700582000675343,versicolor
0.06734419455055463,-0.5460420438225766,versicolor
1.474385086111873,0.33703225757090394,versicolor
0.975795188395371,-0.3318159566647809,versicolor
0.13287918916698338,-0.7567799883386659,versicolor
0.19328675596012523,-0.26100928626482656,versicolor
0.2293755150608492,-0.8883389067629919,versicolor
0.17222809434604347,-0.36700723813094793,versicolor
0.9407734328500048,-0.3961826882276327,versicolor
0.40885395328742113,-0.20058066816363773,versicolor
0.8854860178339461,-0.006981625853283546,versicolor
-0.3775118800960131,-0.4203379038579911,versicolor
1.4150178760057814,0.16630109054858622,versicolor
0.17160320621645475,-0.5071081030075169,versicolor
0.7778466589411135,-0.63015692250905,versicolor
1.3577901364548932,0.3611330016028429,versicolor
0.6428162699420321,-0.31306068558567635,versicolor
0.7644677826631545,-0.24402521786028064,versicolor
0.5964069762550182,-0.3350922209212275,versicolor
1.142399651264153,-0.06547684321281189,versicolor
0.9472661441978563,0.41148868972019237,versicolor
0.22332290624161732,-0.5453170852209706,versicolor
0.4567667992803477,-0.6850582495085566,versicolor
0.2829985113833038,-1.0367458091776127,versicolor
-0.4221299585193323,-0.9445313488142597,versicolor
0.09745113768991676,-0.6368577737334293,versicolor
0.21497131706118466,-0.4483538759207333,versicolor
0.5485660878190899,-0.1806360895568071,versicolor
0.5681806444722639,0.28058505287892554,versicolor
0.5640425000722482,-0.5614134330949696,versicolor
0.3031530440528707,-0.3293559204373464,versicolor
1.019208665852231,0.7496811551631541,versicolor
0.3274193250262858,-0.43976186816470175,versicolor
-0.2526902435017915,-1.2133078940078974,versicolor
0.3677331042621539,-0.6015688402857498,versicolor
-0.7761914389128348,-1.1122050851489842,versicolor
0.8179227229446138,-0.570671034239659,versicolor
1.0062058993512277,0.49188639575749615,versicolor
0.7057918597149548,-0.5182410806033051,versicolor
1.0994908471382567,-0.12024931947212547,versicolor
0.8725713719998929,-0.22400113153173606,versicolor
0.774390839464731,-0.25191847863483297,versicolor
0.2960265490052816,-0.04356787403062423,versicolor
0.8994501724041264,0.09055701770654778,versicolor
0.4524289331554643,-0.5307308601184637,versicolor
1.2651310145640764,-0.4974232576919215,versicolor
0.9791209740430853,-0.35439504278169043,versicolor
0.8810595101163514,0.03879365877948615,versicolor
1.067821965265317,-0.013068821434519151,versicolor
1.3495784639063118,0.6951470954526373,versicolor
1.6081100719596613,0.6202150295934974,versicolor
0.032377020034763504,-0.636831226844567,versicolor
0.6570034995634915,-0.20503180297314394,versicolor
0.24002795715121739,-0.16387177770862138,versicolor
0.5775772323352024,-0.07478844357881798,versicolor
0.6034036116707986,-0.3221431472123273,versicolor
0.27181830923522377,-0.26168040670368065,versicolor
0.763754890653833,0.0004459123972360146,versicolor
0.8533936858539253,-0.3432130574361567,versicolor
0.7758850634569479,-0.2865166736861191,versicolor
1.4059132246888444,-0.033836112907793314,versicolor
-0.7592400453801282,-1.2553380354548098,versicolor
0.781508472884159,-0.44825657011677666,versicolor
1.4317939995349374,-0.672330893706671,versicolor
0.03774059341114011,-0.6264441319052683,versicolor
0.6104699004776251,-0.5292457102687411,versicolor
0.7353628551512195,-0.5464631776507938,versicolor
0.5503198519193351,-0.633410834670479,versicolor
1.1318406967899657,-0.11590776368211841,versicolor
1.5471738390315153,-0.8033224497173013,versicolor
1.1843509939017425,0.2455948917743278,versicolor
1.2402100288399005,0.43664329896731235,versicolor
0.3100768554831408,-0.09222493820451838,versicolor
0.3051881922088988,0.11052084851015742,versicolor
-0.6474567640975168,-0.6559928508084765,versicolor
0.26960785797525944,-0.3100505603569852,versicolor
0.23560550299760497,-0.6220571449145904,versicolor
0.9276320581436739,0.368568727040925,versicolor
0.6669020043975404,0.4478826751677376,versicolor
0.6404187283519818,0.035635855124508176,versicolor
-0.30499709267842157,-0.06365462572095737,versicolor
0.014845000022920551,-0.4452148433261316,versicolor
-0.5552417846492714,-0.8979318949916992,versicolor
-0.5441033309989534,-0.9449929352604007,versicolor
0.0424030318947608,-0.8024020109285255,versicolor
1.0566896469928952,0.35136162809018856,versicolor
0.09932320777025261,-0.5321150621708535,versicolor
0.27275444180138386,-0.22119623225047835,versicolor
0.7127097363412034,-0.0211338693448635,versicolor
1.0016267642159118,-0.09799931857127042,versicolor
1.194191573193324,0.20538419224697257,versicolor
0.34161226073623396,-0.20442465614294658,versicolor
-0.3377557951741377,-0.7717891649611914,versicolor
0.21425530401734072,-0.40773934217058283,versicolor
0.6648170281942818,0.055805921921515456,versicolor
0.6595604784951004,-0.40359133559053717,versicolor
0.8978479072922703,-0.3170066726735792,versicolor
0.9899881878784562,-0.034732915270908826,versicolor
-0.27651650049607923,-1.0071827272658753,versicolor
0.4048723257683129,-0.5189531042704854,versicolor
0.2083184535203566,-0.0031738434053565356,versicolor
0.4168464982207194,-0.41589398319862614,versicolor
1.1773553260837355,-0.17229085765707275,versicolor
-1.0144790613572239,-0.5086246170075022,versicolor
-0.84365672537331,-1.1647844500284688,versicolor
0.852236336572032,-0.08854844246732974,versicolor
0.600317645410696,-0.4846769195176872,versicolor
-0.20530711679294633,-0.7737158936478457,versicolor
-0.7747161422401234,-1.261754026640972,versicolor
1.3315357632950464,0.38965654635564917,versicolor
1.1410065735547548,-0.7021820682116378,versicolor
1.463608797180048,-0.01719545338324746,versicolor
0.6334013081227496,-0.4550076785625272,versicolor
0.9509378247629607,-0.4735196350859985,versicolor
1.1615581228391108,-0.6386525257412226,versicolor
0.2751003671452876,-0.22197064048690685,versicolor
1.1716482043107712,-0.12511602620063478,versicolor
0.3752777404404011,-0.8359799449678542,versicolor
1.2320490043765293,0.10417648260087997,versicolor
0.8970919533999382,-0.4817527869074283,versicolor
-0.4571021347465223,-0.7596660976917704,versicolor
0.10162406937149004,-0.042072027115945154,versicolor
0.7236344374536081,-0.3711159327055684,versicolor
1.082318810829662,0.7494106907750187,versicolor
0.7630772813164208,-0.6258914066575478,versicolor
1.815774501377514,-0.0013651617522771886,versicolor
1.4629415228397153,0.07758394405400981,versicolor
0.0627701683809514,-0.59774295507213,versicolor
0.752568013693165,-0.393851245745493,versicolor
0.24691190019743736,-0.40174291738737633,versicolor
1.489701545619602,0.3394610558476234,versicolor
0.24108939926852369,-0.7415592685063546,versicolor
1.219747028107136,-0.06244067833137912,versicolor
-0.3309700634584578,-1.222713367253669,versicolor
-0.9558397495209761,-0.7134499242241628,versicolor
1.3059526980259921,-0.2708125182157506,versicolor
-0.03451948084979595,-0.4590763101369211,versicolor
0.22419252935574896,-0.142579283156695,versicolor
0.9438778597440836,0.26376279722283247,versicolor
0.4432285781387888,-0.6284524668319511,versicolor
1.0209431521714931,0.2662684257095034,versicolor
0.07320793933241276,-0.7027424951182111,versicolor
1.3059188731050435,0.47443913647301006,versicolor
0.14742526882519424,-0.5637313223979126,versicolor
0.9590804120600138,0.023376315938692827,versicolor
0.4427800522474419,-0.32692634285729216,versicolor
0.31396663865611085,-0.2087278796000449,versicolor
0.463944439492991,-0.09043655569248799,versicolor
0.22439948505669083,-0.5313924784877937,versicolor
-0.5684966291298563,-1.2408174362018887,versicolor
2.495617822247061,-0.1510514393729263,virginica
1.3853126694629916,-0.6387148210092306,virginica
2.5773383698682846,0.306987668721562,virginica
1.9094999015914755,-0.27061589305774536,virginica
2.322088206984265,-0.10361749157289424,virginica
3.3652617345057028,0.5270652624734726,virginica
0.4559102081455757,-1.2558594094750601,virginica
2.8886260242663155,0.2708446233981583,virginica
2.326448651921842,-0.259852675347207,virginica
2.894810350774465,0.7153248487429202,virginica
1.6384848463495043,0.16198281193133912,virginica
1.753942851245414,-0.25130225873136514,virginica
2.1270787609833306,0.12669150571463472,virginica
1.3083350504673579,-0.8512271224810499,virginica
1.5439920786614678,-0.6545199982177525,virginica
1.8699473121967625,-0.005881798344372413,virginica
1.905191928569506,-0.05460771018356336,virginica
3.4210085147765668,1.1065673713535595,virginica
3.7706808621341885,0.2451869605214707,virginica
1.2613118236751033,-0.7647738855327226,virginica
2.36795270846257,0.3126173573088318,virginica
1.1595019466624708,-0.6580717553424469,virginica
3.44603313703176,0.4794406606002326,virginica
1.3851057137620488,-0.249901625678131,virginica
2.2699008974971555,0.23880995268177063,virginica
2.546203149478254,0.5222651939765557,virginica
1.2020814784613654,-0.239444934202937,virginica
1.265328181066125,-0.21134470227931423,virginica
2.042917172749937,-0.30764676777082123,virginica
2.3450381190229805,0.43952552260232824,virginica
2.789721117971389,0.3505160559518963,virginica
3.174926081755718,1.3183025260591643,virginica
2.122215495250008,-0.25867878001506295,virginica
1.4439778846113045,-0.21615285353094738,virginica
1.734523618655138,-0.5765605467165358,virginica
3.0537957247010734,0.6902287034286498,virginica
2.1167383456929514,0.037048976800812206,virginica
1.8595632129283501,-0.06174220560060917,virginica
1.1673439981644425,-0.267009903692351,virginica
2.060282780553992,0.2851542192936476,virginica
2.251637417309265,0.1442466546166008,virginica
1.8843228087328212,0.3267021876917644,virginica
1.33039799156934,-0.6483576551002299,virginica
2.4994972573360847,0.18858711203135403,virginica
2.382614925609329,0.24176219512058061,virginica
1.8910530842991093,0.12774819870155252,virginica
1.4578580946660642,-0.417483004265649,virginica
1.7225678601861167,-0.0017940582573734432,virginica
1.8649250268106323,0.007632262859679884,virginica
1.345850003147338,-0.36359489170303494,virginica
0.9863987462901873,0.1542738030926838,virginica
1.699009706917459,-0.578876668377589,virginica
2.9589084474658875,0.10955944544105733,virginica
1.1726732880624793,-0.1837929441245567,virginica
1.2804414230437304,0.0631299742140925,virginica
2.2100265313017227,0.054117106939843396,virginica
0.7911063103595506,-1.3197515913148417,virginica
1.9406910308879608,0.11403829603513937,virginica
2.6847493841972927,-0.015352594939776587,virginica
2.061862889779068,0.3406714680296883,virginica
1.342149031560825,-0.07351928657810092,virginica
1.9414935993150424,0.20651671193971222,virginica
2.253559733967183,0.6931060204417365,virginica
2.1232595506439997,0.4925837712905876,virginica
1.2724965176525984,-0.6810305713056675,virginica
1.4818137109430802,-0.17637412864022828,virginica
1.5157481555642276,-0.5823220618159537,virginica
1.613210814392188,0.055973409737354096,virginica
2.4511340961265677,-0.17227797280653245,virginica
2.249243933578933,0.5034661461804948,virginica
1.206527292664763,-0.49571697774721635,virginica
1.7942745235389044,0.19693952764849243,virginica
2.833211724597769,0.25493144332072326,virginica
2.2376707881088427,0.004588211141110854,virginica
1.2677385409747997,-0.12819202988150025,virginica
1.5946675626459808,-0.48047754123746067,virginica
1.859802643895196,-0.31351570883593993,virginica
1.5039493742981511,-0.41040580606923616,virginica
1.809515703881238,-0.2518124588832755,virginica
1.518997028594133,-0.1796391601938021,virginica
1.023672376945651,-0.46590848933733486,virginica
4.0366388302168446,0.5841824969824305,virginica
2.5117829988726914,0.19694435812078925,virginica
1.2419989744427946,-0.37616367827958985,virginica
3.181963085341467,0.33678710573161297,virginica
2.507428410752807,-0.23827521414072095,virginica
1.6846316983550365,-0.38105840777819555,virginica
1.7276632655005644,0.006559530707076711,virginica
2.236909307283611,-0.46676392267082,virginica
1.3530642791594554,-0.8261505123988853,virginica
2.6556446465001766,0.5614106736683855,virginica
1.923164925666618,-0.044574109520251426,virginica
1.7175710940868516,-0.27342427316358364,virginica
3.9330847840924825,0.43543729913614193,virginica
2.0977857813438625,0.446776778420233,virginica
1.644723792124954,-0.04958614579693066,virginica
1.9039970005778875,0.12595241054807804,virginica
2.2231359559636523,-0.2654135467019181,virginica
2.0774806914698303,0.2840162269929323,virginica
2.8210961583121943,0.6736211257396008,virginica
2.912770379102188,0.23167218321560412,virginica
1.5371741821143203,-0.6054533702181919,virginica
2.030201954387434,0.4034446528892177,virginica
1.0712151404436012,-0.7458247495328099,virginica
2.702212483900002,0.17491067860931953,virginica
3.3200267982207574,-0.02963797111710953,virginica
2.333400086794219,-0.27168596725647287,virginica
2.9291951050903116,0.5535995808122038,virginica
2.3071075615479657,-0.025149733795172047,virginica
3.246528267962825,1.0150291470608872,virginica
1.138984696474414,0.14169230359900364,virginica
1.376098534893413,-0.21933364923312482,virginica
2.6944599189011473,0.6019516534072302,virginica
3.224857988168514,0.6056905641464034,virginica
2.6903669225936184,0.14462956702729723,virginica
3.0142839599659634,0.6033883809831941,virginica
2.5166414765553533,0.25805650698474203,virginica
2.8180497882394295,0.6212806259290842,virginica
2.1499100128479025,0.405641676086856,virginica
1.4136067753646788,-0.3285419325205874,virginica
2.6539377155541466,0.21962969691537904,virginica
1.25817840282875,-0.32661162504207475,virginica
1.115093746931839,0.1688142379281361,virginica
0.588104376834961,-1.356398765495297,virginica
2.4430936238364342,-0.29842311267389565,virginica
2.5302680526012846,0.45606142053829846,virginica
2.331610415959113,0.1050103714512165,virginica
2.315147459898255,-0.33038286444709897,virginica
3.359205673640826,0.11730035619209644,virginica
2.1283724649908686,0.19845456795073702,virginica
2.6126589799794058,0.08705426166253627,virginica
1.9806771317853604,-0.017366770384719565,virginica
1.7338876047584737,-0.33673652335671456,virginica
1.4379916397520605,-0.4195971652098027,virginica
1.2855059670943296,-0.3087560080480163,virginica
3.5941220646375616,0.5044710885208907,virginica
1.9546281928023594,-0.3138454557115873,virginica
1.2627925597614826,-0.5507033460944353,virginica
1.7659297776801441,-0.5016352073885946,virginica
1.0887390382726858,-0.14214784194916064,virginica
3.039181229378549,0.6475721347648093,virginica
3.3511280316384155,0.797459380413791,virginica
1.8241650458628937,0.4512481057884177,virginica
2.8465154877790564,0.4155794729864537,virginica
3.3036875538901107,0.8196159263697611,virginica
2.8757305600027117,0.4728638667115783,virginica
2.243125903525063,-0.34021419098473604,virginica
2.695544999628442,0.21863091715108052,virginica
3.2543374265101424,0.7200299515886703,virginica
1.7593585947942634,-0.24771158579474672,virginica
2.0387873901921685,0.23037140727854055,virginica
2.507871309105157,0.387864312950577,virginica
1.9435484676283226,-0.31016566421786784,virginica
1.6614462682803195,-0.12262202000921274,virginica
2.363950281638382,0.027417902113428205,virginica
3.483946404656983,1.2478061392296018,virginica
3.538295985864032,0.33773410435736295,virginica
1.6398693485559166,0.018583946917134497,virginica
1.5003325414374435,0.21186891575676192,virginica
2.4723603945883035,0.25690127828012876,virginica
1.7892361976303697,0.08552399641625019,virginica
1.714724044231323,-0.21149308385930166,virginica
1.4957773402917596,-0.6610959388029594,virginica
1.9623392330602583,-0.2777911742119272,virginica
1.9392607979579166,-0.22723020576420883,virginica
2.6772654394542688,0.5421283600181583,virginica
3.9594817227112795,0.629162201206868,virginica
1.2296560604591553,-0.8255655216868352,virginica
3.2257331518655743,0.8612716299618848,virginica
1.8337114325976973,0.2021402827221257,virginica
3.685595784514973,1.6765951570797935,virginica
0.9526760648709995,-0.13757621561370037,virginica
2.527889058601275,0.5216607595764247,virginica
1.4468291972959904,-0.5360863596920469,virginica
2.62984613933574,0.26276910477317816,virginica
2.676936114113184,0.5423812854091796,virginica
2.6967400731121014,0.2222833020292425,virginica
2.215732490703367,-0.3449468246655929,virginica
2.439026024128399,0.07359792224909256,virginica
2.6372568959817464,0.46754557626676974,virginica
1.4612525724705403,0.28883826444971383,virginica
1.8804483066233315,-0.22796117470193789,virginica
2.669621458278982,-0.029537441313947532,virginica
2.042148401102147,-0.1807466416476986,virginica
1.3009313077731983,-0.3925936588066161,virginica
2.277444693623904,0.5328271824664004,virginica
1.619075156296823,-0.5116035152282699,virginica
3.280158244407689,0.5866841092184467,virginica
2.7045606696502453,0.09267318783380496,virginica
3.3374729196344397,1.6464885493966461,virginica
1.985298050486752,0.14739515436242012,virginica
1.8447197822827182,-0.09502254503647656,virginica
2.376879368484415,0.10169943846938878,virginica
3.388527060490585,0.949082868310585,virginica
2.356332763501813,0.24478494835746556,virginica
1.0297856096943985,-0.3385944392031197,virginica
1.4745446504365383,-0.1128345290570385,virginica
2.027395789232072,0.38455910517931,virginica
2.2585457415802894,-0.1259216985807603,virginica
1.8810690794835558,0.3838862258238942,virginica
2.8416352339390762,0.40046883059117455,virginica
1.360562904010786,-0.07455493801894075,virginica
1.610266773550248,0.49796660353890854,virginica
2.6593373611709445,0.5805602639186773,virginica
2.8343365849637294,0.3169898920830043,virginica
1.7190750066718667,0.25135745168546375,virginica
2.9986703173041818,0.15979035569458766,virginica
2.1263029933294586,-0.34909745646469936,virginica
2.9938599962570507,0.7763475567631186,virginica
2.5130752245525834,-0.4194837985327524,virginica
3.2095449548925785,1.4452760712347477,virginica
2.033563582433711,-0.32829730965879733,virginica
2.7583206757939287,0.10104345591612152,virginica
1.7649635090823486,-0.4862483145291421,virginica
1.9872394930701205,-0.0013353169573599999,virginica
2.099205908555523,0.403139458757674,virginica
2.0804708859613195,-0.027263836023374566,virginica
1.6016498387686857,-0.20232382196838028,virginica
1.9390356187513937,-0.27390044678507763,virginica
1.597299791474999,-0.7102169992598499,virginica
2.2070016843614857,-0.2616765036451696,virginica
2.126976057544936,-0.16457013507240248,virginica
1.9197476087381187,0.03133888354474923,virginica
2.32896505341831,0.29009395108993274,virginica
3.7002461860091955,1.0718346786846453,virginica
1.7523637238313041,-0.4420234855518128,virginica
2.6935736581418332,0.4851607325766505,virginica
3.160070557460511,0.5657881585895419,virginica
1.3721368515730887,-0.25507874436007505,virginica
1.3897388904922465,-0.5384315141691598,virginica
2.7515530307830893,0.4718512856510646,virginica
1.920172287317465,0.01298312351155495,virginica
1.6934977063057097,-0.09768200157742069,virginica
2.4934042067561215,0.3487239946074707,virginica
2.53554529350963,0.12555114497791653,virginica
2.3163932858304657,-0.027464986851652107,virginica
1.5480443952382696,-0.38490644253415685,virginica
2.2654242858030456,0.1765882543716062,virginica
2.568847417982326,0.5080257039433187,virginica
1.8890735757438,-0.22891287102463487,virginica
3.497767113126507,0.7475240968712358,virginica
1.2478912713638195,0.07972070739369475,virginica
1.8753660355838333,0.5318365681822534,virginica
0.583263812223441,-0.7172095958101332,virginica
1.5636368588655092,-0.3061833844468671,virginica
2.598320993984373,0.6126998464836166,virginica
1.7274030259741728,-0.1006021353114166,virginica
2.6009271545589296,0.20460350157323592,virginica
2.664346176033842,0.1529403306048005,virginica
1.4910411734348283,-0.517769099626129,virginica
3.2609680860090116,0.7971811140974507,virginica
1.9369231501064377,0.27806702061017496,virginica
3.249826652520472,0.3101144607761439,virginica
1.265290509878441,-0.10606028263712997,virginica
2.3574164194787084,0.26036986616581714,virginica
2.8999562737368763,0.08561303445672941,virginica
2.579447396285227,0.11783707713314939,virginica
1.9535550167514213,-0.1475966048830628,virginica
1.5026615131798398,0.16073927001338628,virginica
2.4705465955531842,0.8833464348122426,virginica
2.7276767364763934,0.47981813311244714,virginica
2.4203909399214325,0.2474069105847878,virginica
2.0269649465700077,0.32668019920798397,virginica
1.7925274418162225,0.040698623149186375,virginica
1.809073944154112,-0.4073035951012631,virginica
2.5362262992476854,0.38804660571931127,virginica
1.7249575862952717,0.3889966607099016,virginica
1.5632983121803221,-0.5242758921956128,virginica
1.8383403114304215,-0.13126786153568837,virginica
1.7390545797723194,-0.0015695757208531447,virginica
1.8483101920319234,0.03452951434240159,virginica
1.618257038063688,0.2738638109947926,virginica
2.6600318397600446,0.3817589775951076,virginica
1.4543492385886951,-0.13828767984532409,virginica
3.040710753728387,0.7078206696242262,virginica
1.8813111305726826,0.35844502811402545,virginica
1.4785752195608444,-0.038354210156255064,virginica
1.640790616621019,-0.16773512674383362,virginica
2.359741588713984,-0.4592337453002351,virginica
1.111742767586314,-0.9360067781510439,virginica
2.117924087408781,-0.058976004446994246,virginica
1.779908909242863,-0.2664296695457482,virginica
2.2661408235052276,-0.005261279120952089,virginica
3.2804896846630687,0.32075559567853595,virginica
2.505089232122767,-0.06127517268018501,virginica
1.9787788084946456,0.0583114589234528,virginica
2.116024851038964,0.09127657979052373,virginica
2.9131376191228444,0.7320784308506258,virginica
2.3758018858447034,0.5544573368308274,virginica
1.7951898367864647,0.1803441229649243,virginica
0.37268416461003273,-0.8467288846720535,virginica
1.5652805799864584,-0.3010853272092513,virginica
1.7120943630601486,0.5142201536161304,virginica
2.6027542191478457,0.2607894848614727,virginica
3.176172373810294,0.5152639834852399,virginica
1.2800612928031772,0.12401144086362681,virginica
1.6552347667913896,0.019280353745823042,virginica
1.0024677714177406,-0.36959218284802997,virginica
2.6196464865290405,-0.2977310116477003,virginica
1.700229221103319,-1.060259270338359,virginica
1.2902079716556996,-0.7997766397272086,virginica
3.2834427482431714,0.9096484186023641,virginica
2.1055038924000895,-0.05952394488002266,virginica
1.4881888114334645,0.08463440601978167,virginica
2.7551713993810854,0.055498296211736076,virginica
2.867103010462383,0.4650260855251469,virginica
2.563850373886023,0.05106677721024688,virginica
1.3554197649867215,-1.1145321129441834,virginica
1.2990494766356253,-0.787074816341943,virginica
2.9612009591102595,0.36472113628559377,virginica
2.4878628026314846,0.32412229555753935,virginica
2.4557463387188765,0.4466515325716154,virginica
2.391371838164959,0.487822167901931,virginica
0.9097164265776492,-0.6140808608279871,virginica
2.346659194667126,0.5366927105618675,virginica
2.7322623368743972,0.4890124810833134,virginica
1.7949742093720031,0.17745399293488617,virginica
2.2001806343424173,0.033680121871037194,virginica
1.2949380100613928,0.007037881180015582,virginica
2.679377227189791,0.24903897687256382,virginica
1.5346838198890538,0.04469177201182006,virginica
2.8378642671913443,0.6635215312824476,virginica
3.852587925867219,0.6553812422608516,virginica
2.5752863303792957,0.5724652319215524,virginica
1.4003911177955475,-0.6610427210345025,virginica
3.8344549317018988,0.33356506062354985,virginica
3.1283605097209577,1.5009639860519686,virginica
1.9302246103606482,-0.09178263448115409,virginica
2.0890030184902475,-0.06306904956688886,virginica
2.0032621421960863,0.2753854406266054,virginica
1.5232621539569946,-0.6812817051046061,virginica
2.4377373424089424,0.5399284393816917,virginica
2.251016951714065,0.20008867613111114,virginica
2.961562171285774,0.5809970733606296,virginica
2.166155657634052,-0.3050166226889539,virginica
1.097906679490297,-0.9097849725268441,virginica
2.1929988968061753,-0.02847418943019786,virginica
1.3935405480395389,-0.5733342567647144,virginica
1.6499899947854564,-0.057184994473117534,virginica
1.219527706281471,0.022929778076897556,virginica
1.626411013506897,-0.35995988043040406,virginica
1.8986501773381708,-0.25951791945607283,virginica
2.68883131794772,0.16014475558369057,virginica
1.7999835201884151,-0.15026619686990994,virginica
3.4018879225281413,0.37342606229176756,virginica
0.9711401619170914,-1.174633994707433,virginica
2.049200122192323,-0.42570757918855673,virginica
2.0522703838998666,0.038451279469366106,virginica
1.9309048821751906,0.06598949102072904,virginica
1.2009332667369188,0.08156672448532554,virginica
1.608754422262984,-0.2913194024136647,virginica
1.5835755011783705,0.42561567501189046,virginica
2.6288766908890118,-0.10982188077402899,virginica
3.110073531556214,0.15826738289760112,virginica
1.8610968438562514,-0.14185290309075693,virginica
1.530613935743859,-0.88716041179444,virginica
1.696465575009296,-0.1896026659036858,virginica
2.215756274805395,0.03363243548579398,virginica
1.8115276039157928,0.08988991351834841,virginica
1.5136226944037867,-0.40528156988701536,virginica
1.569149088755955,-0.4511671562169024,virginica
1.2201714594620183,-0.47772818026027597,virginica
2.5092208089645087,0.4251999899007419,virginica
2.0221857810400383,-0.6009598301994039,virginica
1.4362051331479284,-0.5910464141358149,virginica
1.5854751167144876,-0.05008441457783608,virginica
2.457034524484815,-0.11957872807006442,virginica
3.0121991191586783,0.060520668244207876,virginica
3.354019630674337,0.7209492126631449,virginica
1.026718274810995,-0.6322270237602083,virginica
2.802369145972433,0.26055634715259224,virginica
1.2108368895064183,0.1606785638780499,virginica
3.556768877495914,1.4423423538888214,virginica
2.866009536018609,0.6419722082470196,virginica
3.037242504354145,0.7208705452035051,virginica
1.8974224149278696,0.19970257458022367,virginica
3.0259365193211707,0.44845767176504214,virginica
2.1863907810516867,-0.4104137189468018,virginica
1.5384766558352254,0.2797441044374711,virginica
2.8444417359058853,0.7888043720272355,virginica
2.094498550694949,-0.19286362024786907,virginica
2.4157790233815177,0.2997829890498487,virginica
2.42899453545861,0.44807127195396035,virginica
3.329227157254733,1.3631673768164951,virginica
2.3634471947309796,0.4456190375954412,virginica
2.451333990283649,0.37337198682755535,virginica
2.0395276340100494,0.09562260692715885,virginica
3.462620212130787,0.9094033278150686,virginica
2.214906454130584,-0.47970238198091053,virginica
1.462787689854225,-0.15796397091546144,virginica
1.4954148451253113,-0.08524186543117018,virginica
2.1797231518512517,0.17258946745012782,virginica
1.4402176656905015,0.07905886252149585,virginica
3.4794011300740966,0.9390447963006459,virginica
2.875379331799639,0.338521954764337,virginica
1.4055476853478739,-0.7773510159630979,virginica
1.751334635233956,-0.03026809899242533,virginica
3.4313856531072116,0.8626192629309433,virginica
3.063216184185272,0.6564210057700999,virginica
2.912612307596797,0.8588627478436104,virginica
2.565099917975532,0.14696477764307048,virginica
3.0373257294376828,0.40414856336894456,virginica
1.6139231043200075,0.3447542056770043,virginica
1.726739018160404,0.3822463642430085,virginica
2.8467694815038254,0.32403979676274286,virginica
2.1182985695336525,-0.005939833543752826,virginica
2.2642797047166683,0.3475934972494388,virginica
2.1423836862896994,0.35213198736646856,virginica
1.591741370538882,-0.12342431172387514,virginica
2.2913862114085815,0.39104765344845394,virginica
2.2298124381009474,-0.6064793847239258,virginica
1.3150697549315273,-0.3102229092050912,virginica
2.2943905164640954,0.11159494325858788,virginica
1.4525438576791387,-0.06108625572286375,virginica
1.2253590682753837,-0.4501992791938738,virginica
2.1808019272995285,0.04330516227210257,virginica
2.1970599008142777,0.2086116489703027,virginica
1.247105351904139,0.12293527360333911,virginica
2.526247159342793,-0.14706961021232967,virginica
2.626790101246863,0.4647966985755101,virginica
2.2140157368948943,0.35167414510376815,virginica
1.7880871102229454,-0.09141203651732521,virginica
3.1840191603488446,0.8669825525119075,virginica
2.9900610887061188,0.2856716444535774,virginica
2.13227678221694,0.48332019681831806,virginica
1.566914517145677,-0.5240711102827795,virginica
1.8196842281861052,-0.558736215632873,virginica
2.041782381425617,-0.08803782217172262,virginica
1.6861218363458752,0.538450643033265,virginica
3.7732002336512505,0.21365767691837867,virginica
1.496478096018218,-0.14930345948819568,virginica
2.0519800025415114,0.16664081835340472,virginica
2.8492737519545965,0.7272744417173129,virginica
1.8291081191392617,-0.6535051989812093,virginica
3.0169365938789685,0.45329543482618107,virginica
2.215854651078332,-0.2023448897074367,virginica
1.608525412407685,-0.041833412440754,virginica
3.769918005840063,0.7453537510357355,virginica
2.71528862194935,0.005633924087036668,virginica
2.3021138677648816,0.05795883100925536,virginica
1.1719337245908656,-1.031417681487805,virginica
1.3061347916034078,-0.5146002309619364,virginica
1.8697394521080186,0.12611844861637334,virginica
2.106687014556802,0.34161422181168,virginica
2.0703982833126675,0.0918153556655481,virginica
1.2120720644852216,-0.5938223937591882,virginica
1.953911884378872,0.20421497281110312,virginica
2.4347667031323112,0.34367974509986965,virginica
1.067165195260026,-0.4920740013043208,virginica
2.9502062327270497,0.2624242700618584,virginica
3.6355277393834626,0.7117984454323674,virginica
2.6651971822629026,0.17590950403122374,virginica
1.8895407530253676,-0.571285247202808,virginica
1.505459473307214,-0.5945394743422456,virginica
2.671930393344635,-0.1839055141578516,virginica
3.6237746187043918,0.7626209227454313,virginica
3.1764683313830577,1.2662937344409793,virginica
2.6218232427421384,-0.2560201637361894,virginica
2.329059133861528,0.0387700833125626,virginica
3.6054931680357125,0.4500257926341149,virginica
3.060439813291369,0.3345898495485633,virginica
1.7436542907343462,0.039452125076457456,virginica
1.1878765363426353,-0.4704294970829679,virginica
1.6725180614646797,-0.5927619392144381,virginica
1.0276152054109087,-0.8147556145786696,virginica
2.7642756915452438,0.6713355650685404,virginica
2.8556375994100716,0.46411606734180566,virginica
1.713353015439119,0.19410448755490695,virginica
1.4759847154834924,-0.4178598236147879,virginica
2.646887432201412,0.2487812797844846,virginica
1.6454195742816742,-0.22676942905414155,virginica
2.0881233145301543,0.4775189431125577,virginica
2.106759508094358,0.29199763543668844,virginica
2.399156118970792,-0.5982750110257316,virginica
1.6642583740400312,-0.5431928389147993,virginica
2.23800306897889,-0.0662731834005621,virginica
2.638633077499282,0.5716260772556749,virginica
1.1766978264506678,-0.24153577007394134,virginica
1.9554919448856065,0.41061440475041877,virginica
2.9225442434091384,0.0987449255448789,virginica
2.505185965688826,0.18708212450886386,virginica
2.867630913405888,0.8057088173091094,virginica
2.118989987128791,-0.13784003623004626,virginica
2.3213717710145065,0.2909512782055632,virginica
3.251798849676536,0.45127977692420007,virginica
2.26451500909193,0.1459266663154608,virginica
3.2108983285971586,0.43445333305006706,virginica
2.251734788025141,0.1622325982320847,virginica
1.4689173222781546,-0.3214203937453757,virginica
1.7828850841436958,-0.09496225898554389,virginica
1.749540627978928,-0.5729188764302737,virginica
2.0104826489550316,-0.2010968504024273,virginica
2.6207136883120796,0.33898669991793184,virginica
1.2954686917060805,-0.4189927851926054,virginica
1.6924839037305714,-0.47946837133443676,virginica
3.128824292929689,0.6470308490123937,virginica
1.1664173686720005,-0.11283178395144855,virginica
2.2108558544145884,0.6671943264205416,virginica
1.777862366577187,-0.11960211191845627,virginica
2.602840609025522,0.11941736885818077,virginica
